<?xml version="1.0" encoding="UTF-8"?>
<project-private xmlns="http://www.netbeans.org/ns/project-private/1">
    <editor-bookmarks xmlns="http://www.netbeans.org/ns/editor-bookmarks/2" lastBookmarkId="0"/>
    <open-files xmlns="http://www.netbeans.org/ns/projectui-open-files/2">
        <group>
            <file>file:/D:/Inframind/EmployeeHealthServer/src/java/api/UserLogin.java</file>
            <file>file:/D:/Inframind/EmployeeHealthServer/src/java/api/GetMyHealthRecord.java</file>
            <file>file:/D:/Inframind/EmployeeHealthServer/web/logout.jsp</file>
            <file>file:/D:/Inframind/EmployeeHealthServer/web/WEB-INF/web.xml</file>
            <file>file:/D:/Inframind/EmployeeHealthServer/web/META-INF/context.xml</file>
            <file>file:/D:/Inframind/EmployeeHealthServer/web/view_employee.jsp</file>
        </group>
    </open-files>
</project-private>
